antecedents,consequents,antecedent support,consequent support,support,confidence,lift,representativity,leverage,conviction,zhangs_metric,jaccard,certainty,kulczynski,score
organic raspberries,bag of organic bananas,0.050550199434767795,0.1366579142530717,0.01579443186145798,0.31245043616177637,2.2863691273903175,1.0,0.00888634704162581,1.2556797809998577,0.5925803602840343,0.0921421889616464,0.2036186174760798,0.21401342576642646,1.2994097817760468
organic fuji apple,banana,0.034815898659076784,0.17255617245595398,0.013268926259245155,0.3811168681635003,2.208653928394145,1.0,0.007261228046020485,1.3369952822734958,0.5669752959004765,0.06836018174308138,0.2520542044848892,0.22900656975372136,1.2948853982788227
organic hass avocado,bag of organic bananas,0.07861137279268807,0.1366579142530717,0.02317051171553988,0.29474757776644567,2.1568277210832707,1.0,0.01242764547312046,1.2241603977944515,0.5821171346027461,0.12061769616026712,0.1831135839701377,0.23214938289906328,1.2257876494248583
honeycrisp apple,banana,0.02916357659698142,0.17255617245595398,0.010262371970896555,0.3518900343642612,2.0392781629071153,1.0,0.005230016818195406,1.2767028304099546,0.5249395223206913,0.053601340033500845,0.2167323701484268,0.2056813396353772,1.1955840986356883
cucumber kirby,banana,0.03559760277404742,0.17255617245595398,0.012206610410695316,0.34290540540540543,1.9872103125892766,1.0,0.006064024327398243,1.2592461334346408,0.5151190011205707,0.06229541734860884,0.20587407541013233,0.20682266437072455,1.165057858997341
organic avocado,banana,0.06546270870497685,0.17255617245595398,0.019783127217333787,0.30220453153704835,1.7513400258932372,1.0,0.008487132764603923,1.1857970779986196,0.45905996180914904,0.0906502571638501,0.15668539031332976,0.208425996747732,1.0267722787151428
strawberries,banana,0.052193782445731696,0.17255617245595398,0.015694213385179692,0.30069124423963134,1.7425702016911893,1.0,0.00668785406034547,1.183231041693957,0.4496014270728178,0.075071907957814,0.15485652018699306,0.19582128712155802,1.0216307229654102
large lemon,banana,0.05620252149686316,0.17255617245595398,0.01525325208955523,0.27139800285306703,1.5728095900037597,1.0,0.005555160097683049,1.1356595655572712,0.38588270929810997,0.07144198272624859,0.11945442954174622,0.17989693382286293,0.9221037964284133
